FirstName,LastName,DOB,Gender,DepartmentID
Robert,Saunders,2003-06-27,M,6
Erica,Johnson,1998-06-06,F,7
Oscar,Macdonald,2007-03-18,M,6
William,Friedman,2003-12-23,M,4
Susan,Reese,1999-11-13,F,6
Rachel,Brown,1997-03-24,F,6
Leah,Andersen,2003-12-01,F,3
Michael,Mitchell,2003-01-29,M,2
Cassandra,Dominguez,1996-09-18,F,1
Briana,Jackson,2000-12-11,F,1
Brian,Bradley,2000-09-16,M,6
Heather,Castillo,2003-12-25,F,5
Andrea,Sellers,1995-12-26,F,6
Matthew,Walker,2006-02-13,M,6
Dorothy,Howard,2007-02-25,F,4
Jessica,Scott,2002-09-22,F,1
Veronica,Simpson,2005-01-12,F,4
John,Franklin,2001-03-26,M,6
Connie,Goodwin,2006-09-15,F,1
Breanna,Gray,2007-07-21,F,7
Anna,Bell,1999-01-28,F,4
Michael,Turner,1996-08-24,M,7
Manuel,Johnson,2006-12-08,M,7
Julie,Rose,2006-01-24,F,5
Vanessa,Mooney,1997-08-25,F,2
Debbie,Zimmerman,2005-12-07,F,7
Kayla,Robertson,2001-08-01,F,6
Dawn,Johnson,1996-09-05,F,2
Emily,Duncan,2003-03-01,F,4
Craig,Mckinney,1995-08-21,M,4
Kenneth,Valentine,2006-03-03,M,5
Kevin,Gonzalez,1999-02-10,M,5
Benjamin,Reed,2005-11-04,M,2
George,Jackson,2001-12-18,M,4
Travis,Rivera,2005-07-16,M,7
Cheryl,Lindsey,2006-01-30,F,4
Kyle,Allen,2002-04-11,M,7
Dustin,Chavez,2003-09-17,M,6
Jimmy,Howard,2006-05-27,M,4
Christina,Grant,2004-08-30,F,6
Kathryn,Berg,2001-04-28,F,2
Jackie,Powell,2001-11-21,F,1
Stephen,Parker,2002-09-23,M,1
Kimberly,Rodriguez,2003-10-01,F,7
Briana,Marsh,1997-11-01,F,2
Brent,Cook,2006-12-22,M,6
Amanda,Burke,1995-02-17,F,3
Max,Hall,1996-08-28,M,1
Sara,Pierce,1995-06-11,F,2
Dana,Crawford,2000-09-06,F,6
John,Maldonado,2001-04-28,M,7
Eileen,Mitchell,2000-11-11,F,2
Christina,Jordan,2001-07-23,F,7
Christina,Ashley,2007-04-22,F,1
Glenn,Evans,2001-05-22,M,4
Jonathan,Shaw,2005-10-15,M,7
Joshua,Meyer,1996-05-01,M,5
Erika,Burgess,2002-09-25,F,7
Joseph,Romero,2002-09-25,M,1
Anthony,Vargas,1995-07-09,M,7
Jeffrey,Mitchell,2005-06-15,M,1
Jeffrey,May,2003-04-29,M,7
Tammy,Ramos,2007-04-25,F,7
Kimberly,Pugh,1997-09-17,F,1
Annette,Ford,2004-07-11,F,2
Kenneth,Cooper,1995-01-31,M,6
Amanda,Wilkins,2000-09-21,F,1
Barbara,Williams,1995-12-18,F,2
Christine,Rios,1998-06-21,F,2
Amanda,Becker,1999-05-04,F,2
Catherine,Holmes,2000-12-09,F,7
Jonathon,Wilkinson,2003-05-03,M,3
Kelly,Riggs,2001-04-08,M,1
Heather,Martinez,2002-06-09,F,5
Michelle,Booker,2003-09-02,F,5
Melissa,Powell,2006-10-15,F,2
Rachel,Miller,1999-08-02,F,7
Monica,Fuller,1995-04-26,F,1
Jennifer,Thornton,2001-05-28,F,6
Jacob,Fox,2004-07-10,M,5
Jocelyn,Martinez,2006-09-16,F,1
Jo,Hodges,2000-05-28,F,7
Gerald,Lawson,2005-12-15,M,6
Michelle,Williamson,2005-05-24,F,4
Tyler,Rojas,1997-08-27,M,6
Sarah,Bates,1995-10-02,F,5
Rachel,Hardin,2001-02-27,F,1
David,Robertson,2006-02-13,M,4
Christopher,Walker,2008-01-18,M,3
Carolyn,Melton,1998-07-19,F,2
Shaun,Ramirez,2007-03-27,M,5
Jean,Phillips,2006-02-06,F,2
Tyler,Campbell,1998-12-25,M,3
Lisa,Edwards,2007-10-21,F,1
Ian,Hill,2000-12-09,M,2
Rebecca,Brown,1999-11-28,F,1
Miranda,Carey,2002-01-20,F,6
Richard,Brown,1995-05-10,M,2
Alison,Hubbard,2007-07-09,F,7
Chase,Wagner,1996-12-17,M,4
Megan,Wilkinson,2003-12-15,F,7
Danielle,Miller,2003-10-06,F,3
Valerie,Perkins,2007-08-12,F,7
Deanna,Mcdowell,2004-12-23,F,3
Mary,Irwin,1995-07-31,F,2
Michaela,Taylor,2000-01-07,F,2
Cory,Tanner,1998-03-30,M,1
Brittany,Vasquez,1995-08-08,F,5
Angel,Thompson,2001-04-09,F,4
Christopher,Garrison,2002-06-01,M,1
Todd,Combs,2004-06-14,M,6
Benjamin,Gardner,2005-06-09,M,2
Isaac,Zamora,1996-02-06,M,2
Andrew,Mendoza,1995-08-29,M,6
Allen,Underwood,1999-05-24,M,1
Miranda,Vaughan,1999-05-02,F,7
Sydney,Thomas,2007-07-20,F,5
Jim,Cochran,2005-09-01,M,1
Michael,Brown,1999-10-26,M,7
Megan,Rivera,2000-05-06,F,5
Larry,Maxwell,2006-01-09,M,3
Frank,Chavez,1999-12-02,M,3
Valerie,Olson,2005-04-04,F,1
Ronald,Wilkins,1996-12-14,M,7
Lisa,Alexander,1998-07-13,F,1
Morgan,Allen,1998-07-31,F,1
Terri,Scott,1996-08-04,F,7
Jordan,Beasley,2006-02-24,M,2
Robert,Turner,2000-08-02,M,3
Carlos,Butler,2003-06-06,M,3
Justin,Ponce,2001-06-21,M,6
Brianna,Young,1995-09-03,F,3
Charles,Harvey,2006-03-19,M,3
Stacey,Rice,2002-02-23,F,5
Robert,Lopez,2003-05-22,M,6
Leah,Jackson,2000-11-14,F,2
Mandy,Morris,1998-12-18,F,2
Michelle,Parrish,2006-04-29,F,3
Michael,Jimenez,2007-10-03,M,6
Michelle,Thomas,2005-12-22,F,7
Patrick,Williams,2002-12-14,M,4
David,Moore,2002-06-26,M,4
Jesse,Scott,2001-09-25,M,1
Lori,Morris,2004-01-16,F,3
Deborah,Morris,2002-05-01,F,7
Richard,Sloan,2003-08-05,M,6
Julie,Carrillo,1996-06-12,F,1
Dana,Moore,1999-09-20,F,4
Greg,Andrews,1997-10-17,M,6
Jennifer,Haas,1999-06-18,F,1
Sara,Carter,2000-07-03,F,4
Stephen,Ruiz,2002-08-28,M,7
Rebecca,King,2007-11-03,F,3
Ryan,Simpson,1999-06-18,M,7
Stephanie,Perez,2007-10-28,F,1
Samuel,Hines,1995-07-30,M,1
Kimberly,Kelly,2002-08-29,F,5
Patricia,Parker,2005-12-05,F,2
Michelle,Smith,1998-06-03,F,2
John,Jones,2005-08-26,M,7
Taylor,Odonnell,2005-12-21,F,4
Denise,Santiago,2004-07-15,F,2
Brandy,Hernandez,1998-01-13,F,1
Sarah,Rhodes,1995-10-06,F,7
Ethan,Gilmore,2000-02-02,M,5
David,Munoz,2005-05-24,M,2
Douglas,Diaz,2004-09-30,M,3
Patrick,Porter,2000-04-08,M,3
Summer,Henderson,1997-03-25,F,2
Lynn,Carter,1995-10-24,F,1
Chad,Mcclain,1998-10-02,M,6
Karen,Carr,2004-06-03,F,7
Rodney,Walsh,2002-03-31,M,2
Michael,Oneill,2001-12-21,M,7
Jason,Hicks,1995-04-11,M,6
Laura,Bryant,1996-09-02,F,7
Mallory,Howell,2008-01-12,F,3
Ray,Taylor,1996-10-04,M,1
Gerald,Weaver,2006-06-12,M,2
Austin,Hernandez,1999-12-22,M,5
Derek,White,2006-10-27,M,4
Rachel,Anderson,2007-11-14,F,5
Nicole,Green,2004-11-19,F,3
Amy,Ford,2007-10-21,F,6
Michael,Gibson,1999-09-09,M,4
Joshua,Powell,2004-08-23,M,2
Matthew,Pennington,2001-03-21,M,5
Kelly,Garner,2003-03-03,F,1
Anthony,Burns,2006-10-08,M,1
Teresa,Williams,2000-10-30,F,5
Christopher,Olsen,2000-08-25,M,7
Michelle,Bennett,2005-02-15,F,3
Caroline,Burke,2002-12-25,F,3
Danielle,Burch,1995-06-25,F,6
Christopher,White,1997-06-12,M,5
Peter,Pearson,2003-02-11,M,4
Rebecca,Watson,1995-04-17,F,1
Jennifer,Williams,2005-10-31,F,1
Jason,Strong,2007-08-04,M,4
Patricia,Oneal,2002-07-09,F,4
Gabriel,Stout,1996-01-10,M,7
James,Dorsey,2002-04-10,M,4
Sydney,Browning,2006-11-12,F,3
Alec,Wilson,1995-02-13,M,3
Daniel,Hansen,1996-07-06,M,1
Luke,Hansen,2003-11-27,M,6
Julie,Reed,2001-08-05,F,3
Crystal,Russell,2002-09-28,F,4
Glenn,Ortiz,2005-02-15,M,3
Jordan,Nelson,2002-11-08,F,5
John,Jarvis,2002-06-17,M,7
Benjamin,Moore,2006-06-15,M,3
Michele,Foster,1996-11-04,F,7
Sheila,Burton,1999-02-01,F,3
Michael,Fox,2002-06-07,M,4
Jamie,Thompson,1996-09-05,F,1
Nicole,Perez,2000-03-25,F,1
Alexis,Jefferson,1995-05-24,F,3
Alison,Murray,2007-10-27,F,4
Suzanne,Cox,2007-09-24,F,4
Kristi,Harris,1998-02-20,F,2
William,Adams,1998-07-22,M,1
Jennifer,Vega,1995-04-05,F,6
Natasha,Thomas,2001-01-09,F,2
Debra,Kirby,1998-07-31,F,2
Kristen,Davidson,2003-08-28,F,6
Joel,Gutierrez,1997-07-08,M,2
Michael,Barrett,2004-02-20,M,3
Jeffrey,Esparza,1995-10-17,M,4
Shawn,Walters,2005-02-12,M,1
Debra,Simmons,2006-03-01,F,1
Reginald,Rivera,2002-04-27,M,4
Marissa,Hardy,2004-12-09,F,7
Leroy,Armstrong,1999-10-17,M,7
Willie,Lewis,1996-08-01,M,4
Amanda,Evans,2002-07-26,F,6
Jimmy,Roberts,2006-11-23,M,1
Amanda,Wells,2004-08-08,F,2
Rebecca,Nixon,2001-07-20,F,4
Linda,Thomas,2001-03-04,F,6
Mary,Oliver,2002-10-20,F,2
Joseph,Bryan,2007-01-22,M,1
Scott,Murray,2000-03-14,M,3
Abigail,Fox,2003-03-19,F,1
Zachary,Hall,2000-09-02,M,6
Scott,Jones,2006-08-16,M,2
Jennifer,Haynes,1999-06-07,F,2
Christopher,Beasley,1998-02-10,M,7
Chloe,Patterson,1997-11-21,F,3
Jason,Whitehead,2002-09-25,M,4
Ellen,Nichols,2001-01-12,F,2
Elizabeth,Jones,1997-11-22,F,5
Taylor,Lewis,2004-02-07,M,1
Ashley,Taylor,1995-10-02,F,2
Annette,Navarro,1998-08-20,F,2
Melissa,Mclaughlin,2003-08-23,F,6
Emily,Phillips,2000-07-17,F,4
Tom,Smith,2000-04-24,M,1
Richard,Sims,2005-09-05,M,3
Mark,Vazquez,2005-03-31,M,6
Amanda,Schmidt,2006-05-05,F,5
Larry,Fox,2003-05-17,M,5
Lauren,Macdonald,1999-03-18,F,6
Kelly,Mendez,1997-01-31,M,4
Abigail,Barber,2006-11-05,F,3
Andrea,Robertson,2002-11-12,F,3
Tyler,Mcbride,1998-09-20,M,4
Christopher,Barron,1999-11-23,M,6
Brittney,Reid,2003-05-11,F,3
Theresa,Jones,1996-04-02,F,6
David,Brooks,1998-05-16,M,1
Mary,Carter,1997-09-09,F,1
Stephanie,Rivera,2005-05-17,F,1
Alexis,Bailey,2001-05-17,F,2
Janet,Davis,2003-05-20,F,5
Alicia,Holloway,2006-03-09,F,3
Sheila,Barrett,2002-01-07,F,5
Kelli,Gonzalez,2005-12-22,F,6
Megan,King,1999-03-19,F,3
Christopher,Smith,1995-03-14,M,1
Cynthia,Carson,2003-08-11,F,7
Michelle,Santiago,1999-06-08,F,1
Jane,Davis,1998-03-30,F,4
Jamie,Jensen,2001-01-18,F,2
Mark,Nelson,2006-05-31,M,3
Heather,Clark,1995-05-27,F,4
Mark,Johnson,2005-05-15,M,7
Patricia,Morris,1997-05-27,F,6
Paul,Robinson,1998-12-17,M,5
Tammy,Yang,2004-05-16,F,1
Christopher,Allen,2007-04-30,M,1
Caleb,Gill,2004-09-21,M,2
Paula,Stewart,2005-10-05,F,6
Sean,Leonard,2002-06-22,M,7
Thomas,Suarez,2004-06-09,M,1
Tyler,Acosta,1997-11-06,M,6
Willie,Rice,2000-02-23,M,6
Patricia,Solomon,1998-02-14,F,6
Katie,Hill,1996-07-18,F,5
Toni,Kennedy,2000-06-09,F,3
Lori,Doyle,2002-01-13,F,5
Matthew,Fields,2003-03-27,M,4
Samuel,Shannon,1997-02-03,M,2
Jessica,Peterson,1998-10-16,F,2
Alex,Hernandez,2007-10-22,M,7
Douglas,Hodge,2001-10-13,M,4
Mark,Ritter,2002-05-19,M,7
Christopher,Pittman,1998-11-08,M,7
Jonathan,Flores,2004-02-10,M,1
Sarah,Miller,1995-08-12,F,7
Joshua,James,1999-05-24,M,1
Joan,Parker,2003-08-17,F,3
Theresa,Dean,2006-02-08,F,1
Jessica,Lee,1998-12-15,F,4
Chris,Holland,1998-07-18,M,2
Madeline,Berg,1995-08-26,F,6
David,Grant,2005-12-06,M,1
April,Price,2001-03-11,F,7
John,Frey,2001-03-09,M,4
Michelle,Chambers,2007-06-13,F,6
Anthony,Rodriguez,2003-07-07,M,2
Michael,Mccarthy,2002-02-08,M,5
Michael,Nelson,2000-03-12,M,2
Whitney,Serrano,2004-11-26,F,3
Christopher,Perry,1997-08-10,M,1
Amanda,King,1998-04-26,F,3
Cynthia,Shields,2002-01-09,F,1
Bryan,Brown,2005-09-24,M,4
Kenneth,Long,1998-04-30,M,3
Amanda,Miller,1998-11-01,F,2
Thomas,Small,1998-02-21,M,7
Heather,Rivera,1995-07-02,F,5
Daniel,Thompson,2002-01-01,M,2
Andrew,Vargas,2003-03-31,M,7
Eric,Turner,2004-12-12,M,5
Christina,Ray,1996-05-07,F,1
Stephanie,Oneal,1997-06-06,F,4
Carla,Blair,2006-03-08,F,6
Sabrina,Waters,2005-12-13,F,4
Timothy,Evans,1998-10-11,M,5
Tammy,Hart,2006-01-26,F,3
Sandy,Brown,1996-04-15,F,7
David,Dunn,1997-03-01,M,5
Danny,Peters,2002-10-08,M,5
Kimberly,Mathews,2007-01-14,F,3
Isaiah,Smith,1997-05-29,M,2
Kathleen,Cummings,1997-12-20,F,6
Morgan,Hunt,2000-05-18,F,4
Carrie,Elliott,1999-09-09,F,5
Tony,Armstrong,2003-11-27,M,2
Lori,Crawford,2001-09-21,F,7
Frank,Payne,2008-01-05,M,5
Kathleen,Welch,1998-05-07,F,5
Valerie,Sanford,2000-12-12,F,6
Benjamin,Buckley,2000-06-13,M,1
Taylor,Hatfield,1996-06-05,F,5
Deborah,Benitez,2005-10-23,F,3
Steven,Hudson,1995-07-18,M,2
Jeffrey,Brewer,2007-12-21,M,6
Dorothy,Brown,2002-07-06,F,6
Elizabeth,Harper,1998-06-04,F,2
Julia,Hernandez,1999-08-27,F,1
Dustin,Welch,2004-05-02,M,7
Jimmy,Brennan,1998-06-07,M,7
Daniel,Gregory,2005-02-27,M,3
Leonard,Jones,2004-05-21,M,7
Elizabeth,Herring,2005-06-10,F,6
Ryan,Rodriguez,2003-02-25,M,3
Benjamin,Riley,1998-03-02,M,1
Stephen,Price,2007-04-09,M,6
Richard,Faulkner,1999-11-07,M,5
William,Becker,1999-11-17,M,5
Jason,King,1998-04-16,M,4
Shannon,Nguyen,1999-10-06,F,2
Jason,Hutchinson,2004-06-24,M,2
Brandon,Mathews,1999-08-06,M,3
Alyssa,Raymond,2003-12-16,F,6
Belinda,Dickson,1998-12-08,F,1
Dalton,Johnson,2007-04-03,M,3
Lucas,Martinez,2003-10-16,M,1
Victor,Munoz,2003-11-27,M,1
Jose,Cortez,1998-07-05,M,7
Edwin,Long,2004-04-17,M,3
Jessica,Williams,1996-04-06,F,1
David,Jackson,2002-05-11,M,1
Chris,Hartman,2001-12-24,M,6
Kristen,Stevens,2000-05-14,F,7
Brianna,Lee,1998-05-26,F,7
Christopher,Jones,1999-08-07,M,5
Michael,Tran,1996-11-30,M,6
Edward,Roth,1999-09-02,M,4
Cynthia,Jones,1996-11-14,F,6
Michael,White,1996-12-15,M,3
Brian,Thomas,2007-02-24,M,2
Kenneth,Carlson,2002-10-18,M,4
Matthew,Green,2007-10-07,M,7
Mary,Mann,2001-12-22,F,4
Christopher,Wagner,2006-06-03,M,6
Terrence,Daniel,2004-08-05,M,5
John,Stokes,1995-08-02,M,2
James,Fletcher,2005-02-16,M,5
Katherine,Compton,1998-01-08,F,5
Marc,Harris,1995-09-03,M,3
Jodi,Aguilar,2003-08-29,F,4
James,Hunt,2004-12-07,M,4
Kevin,Wilson,1997-11-18,M,4
Ashley,Howard,1998-09-16,F,1
Nicole,Walker,2000-07-31,F,1
Justin,Anderson,1996-05-09,M,5
Jaime,West,1995-07-20,F,5
William,Mccarthy,1998-10-22,M,4
Jason,Pham,2001-11-22,M,4
Sierra,Roberts,2005-03-11,F,6
Vincent,Phillips,2002-06-11,M,4
Monica,Goodman,1997-11-30,F,3
Paula,Chang,2000-03-19,F,3
Breanna,Thomas,2000-04-27,F,7
Jacob,Jones,1997-04-01,M,1
Richard,Parker,2007-04-09,M,3
Aaron,Wilson,2006-05-29,M,1
Donna,Hopkins,2003-08-17,F,2
Johnny,Ford,1999-08-13,M,1
Susan,Figueroa,2005-04-10,F,7
Lisa,Yates,2002-02-13,F,1
David,Miller,1996-03-21,M,5
Katherine,Reese,2004-12-01,F,5
Regina,Hernandez,1995-10-27,F,3
Sandra,Choi,1997-08-09,F,7
Courtney,Walsh,1996-11-06,F,3
Erin,Thomas,2000-11-12,F,2
Robert,Reid,2002-08-21,M,5
Shannon,Richard,2003-08-07,F,6
Michelle,Herrera,2006-08-08,F,5
Dan,Whitehead,2003-02-08,M,3
Andrew,Davis,2007-05-13,M,3
Evelyn,Lindsey,2006-10-30,F,5
Andrea,Young,2003-06-22,F,6
Daniel,Perez,2004-02-19,M,3
Erica,Petty,2001-12-14,F,4
Emily,Acosta,2004-07-15,F,6
William,Graham,1995-05-07,M,7
Shawn,Pratt,2002-10-02,M,6
John,Thomas,2001-10-15,M,7
Katherine,Pitts,2004-01-16,F,3
Michelle,Hart,1997-05-13,F,5
Bonnie,Barrett,1996-08-06,F,2
Cindy,Hull,1996-01-04,F,5
Mark,Parks,1997-09-09,M,3
Mary,Walker,2001-07-20,F,6
Kristin,Robles,1996-08-21,F,3
