FirstName,LastName,DOB,Gender
Carline,Conre,2000-10-07,F
Lauren,Lawie,2004-04-01,F
Milo,Redwood,2005-11-03,M
Minny,Prendergast,2001-06-28,F
Amelia,Loughman,2002-11-26,F
Alisha,Laidel,2003-04-28,F
Dov,Simionato,2001-05-20,M
Kippie,Simonyi,2004-06-11,M
Vivyanne,Franzettoini,2000-02-01,F
Bria,Janaway,2003-09-08,F
Leeanne,Shipsey,2005-01-07,F
Brandise,Blanden,2000-01-01,F
Carolan,McCarlich,2000-10-14,F
Umberto,Brandli,2001-11-12,M
Farleigh,Whitsey,2004-10-25,M
Anallise,Broom,2002-09-11,F
Rudolfo,Le Prevost,2002-07-21,M
Christos,Gringley,2003-12-27,M
Ramsey,Carbett,2000-11-20,M
Port,De Filippi,2001-08-14,M
Margarethe,Gascoyen,2002-10-01,F
Sorcha,Patrono,2002-08-11,F
Constantin,Hasluck,2000-07-02,M
Gray,Ginnell,2000-04-21,M
Fred,Hubbucks,2001-02-16,F
Henrie,Eveque,2003-11-08,F
Charlton,Sancraft,2001-10-14,M
Harp,Wethered,2003-08-06,M
Nickolaus,Leebetter,2003-05-27,M
Fern,Tombling,2003-10-18,F
Herculie,Wooder,2002-06-09,M
Adiana,Jarman,2000-02-24,F
Jodee,Keasley,2005-05-07,F
Jacenta,Teresse,2000-03-06,F
Winston,Bradtke,2004-11-07,M
Rosabel,Casolla,2000-06-19,F
Cindelyn,Redferne,2000-04-21,F
Cacilie,Beechcraft,2001-07-27,F
Hurley,Lovie,2001-04-29,M
Zaria,Machin,2001-08-27,F
Colleen,Wilsey,2001-04-21,F
Roxie,Lackner,2002-02-08,F
Guthry,Gatlin,2003-12-12,M
Aloysia,Ind,2001-04-16,F
Cleve,Palphreyman,2000-10-18,M
Francyne,Sibbs,2002-10-14,F
Jennine,Bollen,2005-06-19,F
Audrey,Golsworthy,2002-05-22,F
Nannie,Clohessy,2000-11-01,F
Cyndie,Cave,2002-11-05,F
Rollie,Gallehock,2001-03-04,M
Leshia,Kalkofen,2002-08-11,F
Wilma,Lutman,2001-07-23,F
Bartel,Clevely,2004-09-11,M
Maire,Canas,2001-01-26,F
Modesty,Backshell,2004-07-19,F
Eloisa,Gotch,2004-03-02,F
Kathrine,Skewes,2003-09-27,F
Theresina,Phillps,2004-02-14,F
Misty,Ambrosch,2005-08-29,F
Nedi,Mashro,2002-08-14,F
Alissa,Snowman,2001-12-18,F
Mala,Dowden,2000-09-19,F
Nefen,Doumenc,2003-04-07,M
Chauncey,Melody,2001-02-02,M
Gerianna,Valentinuzzi,2002-09-01,F
Dillon,Kleeman,2003-08-03,M
Garv,Rickertsen,2005-06-05,M
Theodor,Konzelmann,2001-05-31,M
Barbabas,Cayet,2003-05-05,M
Barbara-anne,Chester,2005-02-02,F
Antonie,Arghent,2001-07-12,F
Lammond,Muirden,2000-09-13,M
Bary,Veasey,2005-02-13,M
Damaris,McKea,2004-11-03,F
Gardner,Easby,2004-07-07,M
Tammie,Crowch,2001-08-11,M
Kanya,Wickey,2003-08-27,F
Godfrey,Schnitter,2004-08-08,M
Allegra,Stonelake,2003-08-02,F
Haily,Lamb,2004-07-15,F
Jacquelin,Dake,2002-06-26,F
Doe,Leynagh,2004-10-19,F
Reginald,Kivelle,2004-01-20,M
Lexi,Matveichev,2003-01-09,F
Miof mela,Angrock,2000-07-20,F
Allard,Chace,2003-09-29,M
Hedi,De Bruijn,2003-06-02,F
Ernie,Atheis,2000-03-08,M
Heywood,Simoni,2003-09-07,M
Ferne,Savary,2003-10-12,F
Wit,Kertess,2001-11-13,M
Kane,Worner,2001-03-18,M
Franciska,Tilley,2000-11-11,F
Valentin,Castiglio,2000-03-12,M
Kerk,Sarson,2005-04-04,M
Lorant,Elph,2002-12-28,M
Rosalinda,Menlow,2004-09-13,F
Shawna,Yaknov,2003-10-14,F
Clarita,Danett,2003-10-14,F
Kylie,M'Quhan,2000-06-11,F
Charmane,Gownge,2004-11-24,F
Renaud,MacKilroe,2004-04-13,M
Jamaal,Bridgwood,2004-05-23,M
Pen,Yoxall,2005-07-14,F
Celinka,Rahlof,2001-08-11,F
Scottie,Sawford,2004-12-23,M
Idalia,Fairtlough,2001-10-14,F
Anastasie,Swansbury,2000-07-12,F
Winonah,Tratton,2000-03-05,F
Gregorius,Reddish,2001-12-07,M
Almeta,Pillifant,2000-12-09,F
Greer,Britney,2005-02-27,F
Thoma,Bennedsen,2000-10-15,M
Gail,Shoubridge,2001-02-03,F
Kincaid,Grishin,2001-06-18,M
Lynea,Batson,2003-09-23,F
Fernanda,Burg,2004-10-17,F
Loni,Prestland,2003-05-03,F
Opal,Rizzardi,2004-02-03,F
Carissa,Yakubowicz,2005-05-04,F
Lilli,Coneron,2003-05-19,F
Blinni,Heninghem,2000-10-06,F
Madison,Toor,2002-10-13,M
Kyla,O'Luby,2000-10-31,F
Cordey,Pendle,2005-06-06,F
Claudie,Fawltey,2001-07-14,F
Angus,Bugden,2002-10-01,M
Ches,Baus,2000-04-17,M
Elane,Thynne,2005-05-01,F
Madison,Tomisch,2001-11-09,M
Mariska,Gabbetis,2001-09-20,F
Essa,Checchetelli,2002-09-13,F
Merilee,Cejka,2004-09-07,F
Darius,Note,2004-05-19,M
Wolfie,Stratford,2000-08-07,M
Idaline,Persitt,2005-03-05,F
Ruy,De Ruel,2002-08-23,M
Selestina,Hanbury-Brown,2004-11-02,F
Deina,Camous,2003-11-30,F
Osbourne,Paxeford,2000-06-05,M
Lu,Brendel,2003-12-11,F
Berky,McMurray,2005-10-21,M
Marcie,Bauldrey,2004-06-10,F
Dora,Stonestreet,2004-05-31,F
Amelia,Rourke,2005-03-16,F
Yance,Padden,2005-03-21,M
Shermy,Snodden,2001-01-24,M
Danny,McAdam,2005-06-30,M
Dulciana,McGuane,2002-01-21,F
Jandy,Antoniades,2001-02-21,F
Morgana,Colvin,2001-07-21,F
Cherice,Kivell,2003-01-26,F
Ira,Olechnowicz,2003-08-03,M
Lucia,Avramovsky,2002-10-25,F
Kattie,Barthel,2001-01-31,F
Libbi,Hamnet,2005-03-25,F
Vail,Mayman,2002-08-15,M
Brennan,Mennear,2005-10-08,M
Fred,Lympany,2005-11-10,M
Grace,Demsey,2003-03-30,F
Brucie,Rylance,2005-05-04,M
Tommy,Maultby,2005-01-13,M
Karylin,Silversmid,2002-05-27,F
Silvie,Zupa,2000-12-15,F
Junette,Dowey,2000-05-03,F
Ashla,Burg,2002-02-14,F
Kliment,De Giorgi,2001-12-05,M
Lauren,Gunter,2005-05-15,M
Gaven,Waeland,2002-08-15,M
Rahel,Muschette,2003-07-27,F
Teddie,Wimmer,2002-12-30,M
Cindie,Neising,2001-06-07,F
Carole,Baldack,2004-08-18,F
Hilly,Paoletto,2002-01-28,M
Gretta,Manthorpe,2002-04-18,F
Perren,Witson,2004-12-31,M
Pren,Lowre,2004-07-31,M
Karoly,Stains,2001-11-19,F
Barr,Pindar,2002-01-25,M
Zitella,Thomassin,2001-09-25,F
Hailey,Antonucci,2004-11-06,M
Garrek,Darree,2001-12-24,M
Ulrick,Renforth,2004-11-17,M
Conrade,Kilalea,2000-07-05,M
Norby,Simonou,2001-04-25,M
Tobi,Carek,2000-12-25,F
Tiler,Graeser,2005-11-29,M
Isa,Wiley,2004-11-01,F
Casey,Assiratti,2003-02-18,M
Ricard,Varden,2005-09-30,M
Darn,Parrott,2000-10-23,M
Grannie,Evreux,2005-08-21,M
Gavrielle,O'Nions,2004-02-21,F
Danika,Vankov,2003-03-27,F
Magda,Foukx,2001-11-23,F
Archy,Vondracek,2001-06-12,M
Dalila,Cabotto,2002-01-30,F
Forester,Limerick,2001-09-01,M
Rachael,Gadman,2000-11-02,F
Korney,Offin,2002-09-20,F
Filippa,Shadrach,2003-08-04,F
Yves,Bracken,2004-01-15,M
Skylar,Jansema,2004-04-27,M
Corrie,Thrower,2002-08-27,M
Ulick,Donohue,2002-02-23,M
Consalve,Tither,2005-12-05,M
Bartolomeo,Weeke,2005-11-13,M
Crysta,Kerans,2003-01-21,F
Franklyn,Burnip,2002-07-06,M
Moore,Frane,2000-06-03,M
Gaynor,Runham,2003-01-16,F
Milo,Patterfield,2005-02-25,M
Gilda,Folliss,2002-09-16,F
Karee,Braun,2004-03-28,F
Frasquito,Dodworth,2001-11-21,M
Sigismund,Klyn,2002-11-10,M
Eolande,Goff,2002-01-05,F
Reamonn,Cameron,2000-03-12,M
Marcia,Rosenauer,2002-11-26,F
Worthington,Fendt,2003-02-15,M
Kelci,Ryton,2003-08-27,F
Marshall,Bristowe,2003-06-23,M
Tomasina,Petren,2003-04-18,F
Josi,Semeniuk,2001-03-30,F
Lorenzo,Linklater,2004-09-08,M
Layton,Ellett,2003-07-30,M
Melisandra,Dibbin,2000-10-03,F
Nellie,De Giorgis,2000-10-21,F
Donall,Cornbill,2005-08-01,M
Shell,Colloff,2002-10-05,M
Chadwick,Mc Queen,2001-10-06,M
Glyn,Tattersill,2002-06-10,F
Meyer,Twelvetree,2001-09-07,M
Candis,Langfat,2001-01-09,F
Orelia,Oslar,2000-07-31,F
Randall,Cranch,2000-01-24,M
Pen,D'Onisi,2002-10-15,F
Kathryne,Cottom,2004-09-30,F
Kacie,Novacek,2005-12-23,F
Trev,Swayton,2005-01-23,M
Allyson,Hadlow,2004-02-20,F
Miran,Ferrarone,2005-07-29,F
Hedda,Brockelsby,2004-10-25,F
Yettie,Reicharz,2002-08-23,F
Kikelia,Embery,2005-04-20,F
Durand,Botright,2000-04-08,M
Caleb,Rhodef,2004-11-18,M
Ulrica,Probbing,2002-06-10,F
Cherida,MacQuist,2002-03-20,F
Sybyl,Postlewhite,2003-10-03,F
Rutger,Brasher,2004-03-27,M
Walsh,Probbing,2001-10-30,M
Meriel,McMurthy,2001-08-27,F
Emelyne,Brandino,2004-05-24,F
Raven,Guiet,2004-02-12,F
Lanna,Ingon,2002-11-11,F
Ollie,Hamlen,2004-02-16,F
Nikki,Bagehot,2000-08-23,F
Iorgo,Ledington,2005-10-22,M
Celestyna,Ferruzzi,2000-02-28,F
Flore,Godleman,2004-11-21,F
Zachariah,Dewerson,2003-05-26,M
Parsifal,Birdfield,2004-09-10,M
Emylee,Spofford,2001-10-31,F
Thaxter,Delgaty,2003-11-13,M
Bettye,Fullom,2004-06-15,F
Lars,Ortas,2003-06-13,M
Isidore,Chamberlin,2001-07-26,M
Elfie,Herrema,2004-06-08,F
Cos,Tyce,2003-12-15,M
Arabela,Hooke,2002-01-20,F
Basile,Cortnay,2003-10-22,M
Martino,Welfair,2004-11-04,M
Laraine,Dairton,2005-02-21,F
Hamil,Erangy,2002-11-18,M
Lanette,McLenaghan,2004-07-24,F
Hetty,Kinchin,2001-04-30,F
Hamlin,Vigors,2003-06-12,M
Gay,Sibbert,2002-01-21,M
Conney,Nanuccioi,2000-05-04,M
Nisse,Girone,2003-10-12,F
Arther,Fidgin,2002-05-30,M
Melony,Fennelow,2000-05-02,F
Russ,Barford,2000-04-06,M
Roldan,Rodie,2005-11-09,M
Bobby,Gulberg,2004-04-14,M
Tabbitha,Drewery,2002-07-24,F
Aube,Antonnikov,2002-07-19,M
Barney,Malafe,2004-01-14,M
Ailbert,Kelner,2005-12-28,M
Chrysa,Shapira,2000-10-26,F
Cinda,Crombie,2004-09-07,F
Dre,Sidry,2004-05-01,F
Brocky,Hoodlass,2000-01-04,M
Barbie,Woolrich,2003-03-01,F
Dominic,Thorald,2003-05-05,M
Jarvis,Vears,2004-10-17,M
Pia,Slinn,2003-02-19,F
Anne,Scalia,2004-08-28,F
Cash,Dartnell,2001-12-09,M
Albertina,Kernar,2002-01-10,F
Oliver,Esmond,2005-05-25,M
Micheil,Cranmere,2003-02-05,M
Minna,Bernat,2003-11-11,F
Base,Harower,2003-08-26,M
Saraann,Hanaby,2003-06-25,F
Zorina,Ganing,2003-01-24,F
Faun,Thackray,2000-05-26,F
Berty,Tillard,2000-02-09,F
Dacia,Cade,2002-10-10,F
Koren,Casellas,2003-10-05,F
Olivero,Boyen,2004-06-10,M
Antonin,Thorington,2003-10-04,M
Loutitia,Yersin,2002-11-02,F
Bradly,Laraway,2002-07-07,M
Hazel,Goldsbrough,2001-11-12,M
Nikolaos,Warburton,2004-02-09,M
Amye,Darville,2005-11-29,F
Rurik,Lemmers,2000-06-01,M
Ernie,Lettuce,2001-12-24,M
Aurore,Chasney,2002-05-14,F
Jannel,Wife,2002-04-09,F
Jacklin,Hannis,2004-05-03,F
Alexander,La Vigne,2004-08-27,M
Fawne,Haylock,2000-03-24,F
Allix,Pavinese,2005-10-14,F
Stormy,Medlen,2002-09-12,F
Bale,Fetherston,2001-11-24,M
Valentijn,Reddyhoff,2005-11-28,M
Datha,Comello,2001-04-20,F
Dame,Extil,2001-01-18,M
Arnold,Bettison,2003-11-08,M
Valma,Berryman,2005-05-25,F
Rubia,Sapsford,2002-10-06,F
Stoddard,Heijnen,2002-05-16,F
Debi,Wixey,2002-11-30,F
Skye,Rennison,2001-08-20,M
Demeter,Metheringham,2000-02-03,F
Brade,Fletcher,2004-03-07,M
Elfrieda,Gerrelt,2004-01-28,F
Margit,Cisar,2005-05-25,F
Gabbie,Gleder,2002-11-09,M
Bruno,Wolstencroft,2003-10-01,M
Petrina,Auckland,2001-08-30,F
Michelina,Dutteridge,2001-12-09,F
Yorgos,Espinheira,2001-05-02,M
Huntley,Vakhonin,2002-09-15,M
Muire,Aleksidze,2005-01-25,F
Natasha,Gosforth,2000-04-23,F
Dedie,Jotcham,2000-12-15,F
Luigi,Hebble,2004-01-27,M
Davis,Hallor,2001-01-26,M
Carlene,Dineen,2002-11-25,F
Trent,Strickland,2003-03-29,M
Ruthanne,Benz,2003-09-06,F
Wendy,Oldland,2004-05-06,F
Lydon,Skirlin,2003-05-20,M
Nikolaos,Bilham,2000-01-30,M
Harmony,Batthew,2000-07-28,F
Sancho,Aitkenhead,2000-01-12,M
Brit,Dundridge,2004-05-17,M
Debbi,Lightoller,2003-10-01,F
Lilly,Blunsum,2003-08-06,F
Earvin,Le Grand,2005-07-10,M
Carl,Desvignes,2002-02-21,M
Damita,Vaughn,2001-01-27,F
Kit,Berisford,2000-12-19,M
Delphinia,Waitland,2001-04-26,F
Bruce,Ayllett,2002-05-02,M
Chip,Quincey,2005-01-17,M
Nollie,Batrim,2000-01-12,F
Alyson,Patullo,2002-06-30,F
Ronnie,Shoard,2001-05-10,M
Sabine,Waistall,2004-12-04,F
Meggi,Croal,2002-07-12,F
Aloise,Mattersley,2004-02-19,F
Patton,Muzzollo,2005-05-29,M
Sid,Woodland,2004-03-12,M
Burt,Glamart,2001-05-31,M
Daisie,Hambatch,2003-12-16,F
Charlton,Clausner,2001-01-12,M
Rockey,Chatt,2000-12-01,M
Giraud,Kerswell,2004-08-18,M
Marylee,Steptowe,2001-12-02,F
Griswold,Townsley,2000-09-22,M
Hughie,Klemenz,2002-06-17,M
Cal,Nossent,2000-12-07,F
Sabra,Kilbane,2002-06-23,F
Adlai,Aspinal,2003-11-12,M
Rudiger,Tucknutt,2004-05-06,M
Pamella,Scirman,2003-09-14,F
Stephan,Pafford,2004-09-05,M
Kathye,Yakovitch,2000-02-27,F
Midge,Lackney,2004-11-29,F
Ileane,Markl,2001-03-16,F
Rozamond,Lemin,2001-01-18,F
Craggy,Skelly,2001-02-28,M
Marty,Abson,2001-02-16,M
Ingrid,Notton,2004-02-06,F
Malorie,Lever,2005-09-29,F
Jordana,Noon,2004-09-02,F
Agathe,Cuttle,2003-10-28,F
Liv,Attrey,2003-02-03,F
Alissa,Cuppleditch,2003-10-19,F
Joann,Batram,2000-02-21,F
Wylma,Elnaugh,2001-10-01,F
Luca,Mayor,2004-09-01,M
Roby,Burdfield,2002-12-28,F
Nickey,Eate,2002-01-19,M
Lionel,Thecham,2004-11-05,M
Blane,Azam,2004-03-28,M
Donna,Katte,2002-05-07,F
Gil,Austin,2005-10-11,M
Sibyl,Golling,2005-03-19,F
Coriss,Castagno,2004-01-10,F
Jazmin,Tudbald,2002-09-11,F
Nerta,Lowman,2005-08-30,F
Marshal,Symms,2005-12-02,M
Miguelita,Witts,2003-08-28,F
Erwin,Scutcheon,2004-03-25,M
Ange,Seabright,2000-02-06,M
Jacky,Finch,2000-08-08,F
Stevy,Kristufek,2003-11-12,M
Bridgette,Cranna,2001-11-21,F
Pooh,Sante,2002-04-17,M
Wilmar,Hartley,2005-12-04,M
Shepard,Stuehmeyer,2005-06-05,M
Humberto,Brounsell,2004-10-28,M
Joachim,Arnaldy,2003-12-01,M
Jordan,McArte,2001-04-29,M
Patrizia,Gyer,2002-02-13,F
Sheree,Vaughn,2001-02-28,F
Gearard,Curbishley,2004-12-23,M
Quentin,Woolam,2005-10-29,M
Tadeas,Kinane,2003-06-10,M
Roxy,Casari,2005-05-31,F
Therese,Claypoole,2004-12-13,F
Hort,Pattrick,2005-06-21,M
Melita,Peschke,2001-07-14,F
Eduino,Colin,2005-02-02,M
Fenelia,Lasty,2002-12-24,F
Cosmo,Alvar,2003-06-15,M
Becca,Ferrarotti,2001-07-02,F
Madelin,Berry,2004-04-24,F
Conrade,Nowick,2000-05-08,M
Bernardina,Manjot,2001-10-15,F
Vladamir,O'Duilleain,2003-04-18,M
Ephrem,Coward,2005-11-07,M
Seamus,Swannie,2004-10-28,M
Sven,Brunelleschi,2003-07-26,M
Carolyne,Niesegen,2005-11-11,F
Corrie,Wickling,2004-01-16,M
Ethelbert,Doonican,2005-09-08,M
Yehudit,Ambage,2003-03-29,M
Guglielma,Elmhirst,2000-05-11,F
Kessia,Landers,2002-09-14,F
Germaine,Osinin,2005-10-16,F
Casper,Pillington,2004-05-29,M
Fletch,Blackston,2001-09-12,M
Esme,Brunroth,2002-03-10,F
Cristina,Davidovich,2003-11-29,F
Jesus,Redmille,2001-07-30,M
Tore,O'Sheeryne,2002-01-23,M
Bartolemo,Marner,2004-04-16,M
Darb,Brevitt,2004-03-16,F
Percival,Lascelles,2004-07-04,M
Marlie,Kidd,2004-11-23,F
Hildegaard,Flawith,2003-05-26,F
Nerty,Steer,2005-07-25,F
Fairleigh,Vogel,2004-11-22,M
Flo,Flag,2001-04-16,F
Eldredge,Clopton,2005-10-27,M
Tudor,Lowless,2003-08-17,M
Maisie,Pantry,2004-08-01,F
Jobina,Jeal,2005-11-16,F
Fannie,Epton,2005-04-12,F
Tiena,Ferreira,2005-02-06,F
Frayda,Maddinon,2002-08-04,F
Marnia,Deavin,2005-02-17,F
Mahmoud,Haldon,2000-01-25,M
Shanie,Gilfether,2004-03-01,F
Padriac,De Biasio,2001-06-05,M
Drew,Signorelli,2000-09-16,M
Tamera,Gippes,2003-03-09,F
Briano,Sherwell,2000-07-31,M
Pat,Oris,2004-09-11,F
Marna,Matusson,2003-09-30,F
Roxanna,Kensit,2002-11-30,F
Sargent,Troni,2001-03-07,M
Barrett,Gilders,2003-01-27,M
Doyle,Hounsome,2003-12-12,M
Fulvia,McKinie,2003-04-05,F
Gaby,Grannell,2000-11-27,F
Veda,Pierrepont,2002-11-11,F
Humphrey,Geratt,2004-07-24,M
Odilia,Rohlf,2004-02-13,F
Christoffer,Rollin,2001-10-02,M
Enrico,Hyndman,2005-01-08,M
Sarena,De Stoop,2003-12-26,F
Lethia,Hardi,2005-09-21,F
Gaylene,Giurio,2005-11-21,F
Tally,Walbridge,2003-07-18,F
Corly,Spawton,2003-11-02,F
Vivien,Orpin,2003-05-27,F
Lauren,Sowley,2002-09-17,F
Donn,Alekseicik,2002-12-23,M
Thia,January,2003-09-25,F
Pietrek,Gladbeck,2002-08-30,M
Clementine,Banasiak,2001-02-09,F
Tabbi,Bambery,2003-05-06,F
Remington,O'Kielt,2003-12-17,M
Betteann,Ashbridge,2005-03-24,F
Ondrea,Duinbleton,2004-03-17,F
Roselle,Smeaton,2002-03-27,F
Natty,Roe,2001-06-09,M
Lars,Appleton,2005-04-16,M
Cesare,Hardwicke,2001-12-28,M
Dyna,Dinan,2003-07-03,F
Tannie,Dulinty,2000-05-25,M
Donica,Fackrell,2005-04-18,F
Malachi,Duckett,2004-10-02,M
Nevin,Mantrup,2003-03-20,M
Dorine,Mitchinson,2000-02-22,F
Marjorie,Berrigan,2004-10-10,F
Terrance,Vango,2004-10-04,M
Christopher,Winborn,2001-05-11,M
Vikki,Burl,2000-07-25,F
Noll,Boullin,2003-05-30,M
Marylinda,Shires,2003-02-02,F
Marshal,Franciotti,2004-05-09,M
Maddalena,Form,2001-05-19,F
Jamal,Yarrall,2004-08-24,M
Shandie,Basek,2000-08-26,F
Anne-marie,Frosch,2002-03-19,F
Svend,Gollard,2003-09-25,M
Alma,Coffey,2004-09-22,F
Bancroft,Hannen,2004-12-14,M
Priscella,Duggen,2001-08-26,F
Aimil,McIlhagga,2002-10-24,F
Waverley,Tregensoe,2002-03-28,M
Kristel,Hullot,2005-04-10,F
Derwin,Archer,2002-09-12,M
Nelle,Sherar,2000-05-29,F
Corliss,Trappe,2003-02-11,F
Blanch,Prisk,2001-02-10,F
Collie,Amoore,2002-08-15,F
Lorene,Lamblot,2004-10-11,F
Gerta,Fisk,2004-05-08,F
Damien,Lander,2004-05-05,M
Ansell,Broke,2004-08-12,M
Addie,Jennions,2005-09-17,F
Dillie,Preon,2004-11-12,M
Cordelie,Ragsdall,2003-08-19,F
Whitman,Page,2000-08-13,M
Laurella,Meanwell,2003-12-06,F
Cody,Mabee,2001-04-24,M
Findley,Spinas,2001-04-19,M
Cybill,Clutton,2003-03-24,F
Stacee,Raddenbury,2005-07-17,M
Zachery,Littlekit,2000-10-22,M
Thadeus,Seldner,2004-07-21,M
Patten,Vanyatin,2001-04-21,M
Arnie,Bamell,2001-04-29,M
Dilan,Han,2000-04-25,M
Stanislaus,MacCallam,2005-11-22,M
Muffin,Ast,2000-07-29,F
Jock,Powlesland,2004-09-16,M
Olive,Nansom,2003-07-24,F
Marleah,Cavell,2002-08-26,F
Paddy,Spinas,2004-02-15,M
Christoph,Lusted,2005-08-21,M
Jodi,Welsh,2001-01-23,M
Torrie,Lathwell,2000-07-22,F
Audie,Bittlestone,2005-07-16,F
Frieda,Woodfin,2000-09-19,F
Antoine,Baszniak,2000-04-20,M
Lark,Guiot,2005-06-27,F
Dian,Yerborn,2000-05-25,F
Herculie,Thursfield,2005-07-04,M
Marie-jeanne,Hancock,2005-01-15,F
Page,Workman,2000-02-01,F
Salem,McAllister,2001-06-29,M
Cherish,Ferrero,2005-06-14,F
Ebenezer,Scini,2003-10-23,M
Nikolaos,Stainer,2005-09-10,M
Maris,Eckly,2004-12-23,F
Pippy,Pervoe,2001-07-25,F
Harper,Fergie,2000-01-23,M
Linnell,Trett,2002-01-25,F
Gayla,Conquer,2005-05-05,F
Meghann,Haquard,2001-03-13,F
Ronny,Hammelberg,2004-04-27,F
Faulkner,Blemings,2005-12-16,M
Rhianna,Ashall,2001-06-05,F
Boote,Leathart,2000-09-14,M
Fannie,Alexandersson,2004-10-17,F
Welsh,Kenewell,2003-12-28,M
Rachel,Kardos,2002-02-11,F
Phip,Pritchard,2003-03-01,M
Elmer,Costock,2003-07-27,M
Johannah,Prewett,2003-12-03,F
Arnold,Windas,2001-02-24,M
Alanah,Leethem,2001-10-28,F
Rosalyn,Brislane,2001-06-25,F
Dianna,Carp,2003-08-16,F
King,Oliveira,2002-01-22,M
Prentiss,Quarless,2001-07-19,M
Christie,Schneidar,2003-11-24,F
Irwin,Scane,2005-06-12,M
Kendra,Luton,2005-04-22,F
Brantley,Frosch,2001-04-08,M
Merrile,Cradoc,2005-02-16,F
Benedikta,Saurin,2000-05-04,F
Bil,Clewarth,2000-12-09,M
Corbin,Kingcott,2003-02-01,M
Sondra,Peaple,2003-03-14,F
Lynnelle,Barbrick,2004-10-18,F
Osbourne,Teresse,2000-10-31,M
Tito,Cardon,2005-08-12,M
Bamby,Lampel,2002-07-06,F
Lincoln,Coupar,2002-11-03,M
Rich,Hutchings,2005-03-31,M
Lazarus,Malden,2003-02-01,M
Morten,Preuvost,2005-11-26,M
Mirella,Trenear,2000-03-02,F
Walker,Tousy,2002-06-30,M
Vinson,Chalice,2001-02-14,M
Terrye,MacBain,2005-03-26,F
Constantine,Marmyon,2001-03-15,F
Dody,Oylett,2001-07-29,F
Antonia,Ankrett,2005-05-08,F
Ernestus,Griffe,2005-07-14,M
Lurette,Denne,2004-08-03,F
Burr,Poletto,2001-10-12,M
Wadsworth,Spurling,2004-05-02,M
Colin,Rasmus,2000-10-19,M
Tybalt,Bastow,2003-08-06,M
Karylin,Harken,2000-12-08,F
Raina,Ringham,2001-10-08,F
Pippo,Obray,2004-05-29,M
Reina,Gillow,2003-09-02,F
Arabel,Vasentsov,2000-10-20,F
Otis,Broughton,2003-09-17,M
Janetta,Duchasteau,2001-07-30,F
Doreen,Hasnney,2005-03-25,F
Daryle,Micah,2005-06-26,M
Gordie,Coyett,2000-09-09,M
Myrta,aManger,2001-12-17,F
Nicki,Macari,2004-06-26,F
Jacquelin,Insley,2001-07-01,F
Benjamin,Chessil,2003-01-08,M
Emmey,Averill,2005-12-08,F
Becky,Exall,2005-12-02,F
Aubine,Wailes,2000-01-04,F
Allister,Esche,2000-08-13,M
Prudy,Teissier,2000-07-09,F
Hy,Theis,2003-04-11,M
Norris,Taber,2000-08-13,M
Ryan,Halliberton,2000-05-02,M
Fred,Ogilvie,2002-01-03,M
Blondell,Sellstrom,2000-05-27,F
Alexei,Warsap,2003-09-12,M
Alistair,Louche,2001-07-08,M
Wandis,Knowles,2004-05-17,F
Jeanie,Caswell,2003-07-24,F
Kort,Forsythe,2000-10-13,M
Theodore,Copp,2002-02-26,M
Albina,Killshaw,2003-04-21,F
Blondelle,Jost,2005-03-11,F
Marijn,Ysson,2003-01-18,M
Carmela,Stormouth,2000-06-16,F
Lidia,Roggers,2004-02-19,F
Paquito,Reyner,2005-06-29,M
Lucille,Neeves,2003-01-24,F
Sunny,Warlaw,2000-10-09,M
Amby,Harragin,2001-08-31,M
Linda,Gervaise,2003-01-27,F
Harp,Terne,2001-03-27,M
Swen,Moxham,2003-03-17,M
Nat,Bronger,2004-11-27,M
Koenraad,Fairbard,2001-03-04,M
Hailee,Tivers,2003-05-29,F
Kassia,Brayley,2005-08-26,F
Rorie,Labb,2000-04-26,F
Garry,Mealham,2003-10-21,M
Faith,Hyde-Chambers,2001-11-19,F
Derrik,Pickvance,2004-06-21,M
Chas,Maren,2004-04-20,M
Wendi,Treharne,2004-09-09,F
Denney,Sainz,2001-11-14,M
Boycie,Ingles,2000-02-26,M
Bertie,Lowdwell,2001-10-15,M
Nan,Waker,2005-07-04,F
Tonye,Willard,2003-07-21,F
Charla,Pickthorn,2000-02-06,F
Abbi,Lindbergh,2000-06-09,F
Rozelle,Pimm,2004-11-06,F
Birgit,Andrys,2001-07-13,F
Barbi,Petric,2001-12-19,F
Vincenz,Seeviour,2002-12-30,M
Ham,Wofenden,2005-02-03,M
Darnell,Fosserd,2001-07-27,M
Cara,Berends,2005-10-28,F
Gottfried,Pester,2004-07-24,M
Caroljean,Postians,2003-02-04,F
Sheffy,Chene,2001-12-22,M
Dayle,Allabush,2000-04-11,F
Rhea,Needs,2001-04-10,F
Basilio,Gobat,2003-12-14,M
Hayden,Conyard,2002-08-01,M
Danny,Hospital,2002-11-01,M
Lila,Wheatman,2005-06-08,F
Pegeen,Rawsen,2003-11-01,F
Zachariah,Hawley,2000-10-21,M
Marcus,Feare,2002-12-20,M
Adam,Toplis,2003-05-18,M
Paul,Corkell,2005-05-23,M
Jeanne,Warmisham,2002-11-10,F
Evelina,Gout,2000-10-24,F
Nonna,Chatel,2000-03-03,F
Antonina,Posner,2005-11-07,F
Florenza,Abel,2004-12-11,F
Nefen,Gellion,2000-12-31,M
Randy,Meir,2004-08-16,M
Ancell,Sichardt,2000-06-29,M
Joe,Baudi,2004-05-08,M
Chaim,Laird,2002-05-12,M
Amara,Boreham,2002-09-13,F
Lynnelle,Tommeo,2005-06-12,F
Brnaba,Duprey,2001-05-22,M
Nathalie,Woolliams,2003-10-17,F
Andros,Calow,2002-01-28,M
Kris,Aland,2002-08-08,M
Art,Grindlay,2002-08-20,M
Friedrick,Ventam,2005-10-16,M
Darwin,Irnis,2001-03-14,M
Josefina,King,2004-12-25,F
Natasha,Acom,2004-02-09,F
Emmit,Marchent,2000-10-17,M
Son,Hallward,2005-02-11,M
Lisa,Sach,2002-08-16,F
Zarla,Carde,2003-11-27,F
Goober,Berre,2000-04-28,M
Jerrilyn,Chalfant,2004-12-28,F
Winifield,Reolfi,2003-02-25,M
Justinian,Gosnall,2000-03-18,M
Alexandr,Kubas,2003-05-24,M
Welsh,Samwaye,2000-04-12,M
Beatrice,Whal,2004-12-11,F
Carrissa,Boland,2001-08-20,F
Latisha,Nichols,2001-01-05,F
Rosabel,Obeney,2005-06-03,F
Rouvin,Harral,2001-05-18,M
Germain,Tuckey,2000-12-04,M
Cloe,Ivory,2003-10-05,F
Kipp,Dewar,2001-10-29,M
Quintana,Beaman,2005-07-11,F
Kelci,Ponter,2002-12-05,F
Sharleen,Durnian,2001-10-28,F
Domenico,Bartaloni,2004-08-26,M
Lisha,Lissenden,2000-12-29,F
Gabriella,Steer,2004-12-21,F
Andrea,Gilli,2001-02-25,F
Debra,Bachelar,2001-03-11,F
Rosene,Brasner,2001-12-17,F
Val,Gallimore,2002-07-17,M
Abbye,Tallent,2004-11-02,F
Roddie,Peerman,2003-07-11,M
Randee,Huggill,2004-02-13,F
Angil,Carlon,2000-06-11,F
Cirilo,Ansett,2002-03-24,M
Alphonso,Sterke,2002-03-26,M
Adela,Matfin,2003-06-08,F
Hubert,Deschelle,2000-08-21,M
Jemimah,Ifill,2000-04-26,F
Sammie,Aylett,2005-09-15,M
Selina,Filipchikov,2001-10-20,F
Aaron,Mangham,2003-01-14,M
Ruthi,Deakes,2000-10-31,F
Reece,McGonigle,2004-06-23,M
Homerus,Robinson,2000-05-28,M
Sal,Baldacchi,2003-01-18,F
Stephen,Mattiassi,2003-06-23,M
Leisha,Josum,2001-03-31,F
Kelcey,Iacobo,2002-08-20,F
Rozalie,Hollyar,2002-01-27,F
Cortie,Caiger,2002-11-30,M
Thatch,D'Abbot-Doyle,2002-04-03,M
Anabel,Waber,2004-04-24,F
Theobald,MacDowal,2000-05-01,M
Cleon,Avraham,2003-09-11,M
Netti,Reimer,2002-09-14,F
Felipa,Dingle,2002-06-27,F
Jeanna,Bedberry,2004-07-25,F
Pepe,Waud,2000-12-23,M
Emmey,Gliddon,2005-02-05,F
Mitzi,Cogley,2001-11-02,F
Early,Sherbourne,2004-01-31,M
Inez,Edworthy,2000-06-03,F
Padriac,Peotz,2004-12-02,M
Kailey,Follit,2004-07-18,F
Isis,Ebbins,2005-02-17,F
Willie,Hawarden,2000-10-11,M
Thorin,MacMearty,2005-06-05,M
Franciska,Dorber,2003-11-18,F
Inigo,Vorley,2001-10-12,M
Shepperd,Jell,2002-05-28,M
Livvie,Audus,2005-05-31,F
Bernete,Binding,2005-08-12,F
Daren,Mycock,2004-12-22,M
Pierre,Draysey,2003-11-16,M
Morgana,Hagston,2001-01-03,F
Joannes,Fairbrace,2005-08-31,F
Charis,Caccavale,2005-09-26,F
Georgena,Caulcutt,2001-06-10,F
Leopold,Headan,2003-11-27,M
Cordie,Ca,2002-02-07,M
Lindon,Legon,2003-04-28,M
Archaimbaud,Sergant,2004-12-21,M
Alison,Sparwell,2004-10-04,F
Gerard,Heeley,2002-06-29,M
Dixie,Goodfellowe,2005-12-13,F
Bab,Hauxley,2000-08-24,F
Joe,Jeffree,2003-12-18,M
Chelsea,Hebbron,2000-03-22,F
Estella,Beinisch,2004-06-10,F
Charil,Mulvagh,2005-02-04,F
Vivianna,Gauden,2003-02-16,F
Hiram,Boanas,2005-12-18,M
Cly,Realy,2002-12-20,M
Rudolph,Downey,2003-03-21,M
Nicholas,Stood,2000-09-12,M
Gerald,Padgett,2002-10-02,M
Bartholomew,Domerque,2003-01-11,M
Dollie,Hirtz,2003-06-11,F
Andres,Gierke,2002-11-07,M
Julia,Franek,2005-11-27,F
Kyle,Skittrell,2003-11-26,F
Drucill,Unitt,2000-03-05,F
Melisande,Grevel,2003-03-01,F
Monty,Deme,2003-07-01,M
Tobe,Wrotham,2001-07-15,M
Levey,Sandhill,2001-11-04,M
Arin,Sulley,2002-03-05,M
Collin,Sabben,2004-08-11,M
Jenni,Rutherford,2003-08-24,F
Nester,MacIlurick,2002-05-12,M
Sandro,Helliwell,2001-11-22,M
Fabe,Fippe,2000-04-26,M
Salim,Turl,2000-08-05,M
Maisie,Ambrosetti,2001-02-01,F
Jabez,Mayston,2004-05-16,M
Abel,Veneur,2001-07-06,M
Holden,Covell,2005-10-24,M
Kalinda,Wilderspoon,2000-04-02,F
Gilemette,Tabary,2003-05-10,F
Keely,Mead,2002-12-16,F
Whittaker,McGettrick,2002-03-12,M
Asher,Coraini,2005-11-17,M
Bette,Gilyott,2001-11-11,F
Frans,Schurcke,2004-07-08,M
Avery,Arkin,2003-06-22,M
Alexis,Shorie,2000-08-09,M
Gun,Von Brook,2004-06-08,M
Emilia,Chene,2000-12-19,F
Celinka,Riseley,2004-12-30,F
Etheline,Carnie,2002-11-05,F
Winnah,Wainscoat,2004-12-21,F
Erminie,Boutell,2002-08-16,F
Gill,Bartell,2000-08-26,M
Vernor,MacIan,2005-10-21,M
Verine,Jessopp,2005-06-26,F
Jody,Remmer,2002-08-16,F
Fiona,Corpes,2003-06-14,F
Aloisia,McGuane,2004-02-17,F
Gunar,Gettings,2004-02-20,M
Horatius,Gerardet,2005-06-09,M
Margery,Berard,2000-11-21,F
Michele,Gearing,2002-07-25,F
Bowie,Binstead,2000-08-30,M
Valentine,Liepina,2005-10-10,F
Jerry,Antrobus,2004-11-12,M
Geri,Styles,2003-11-09,F
Brittne,Maidens,2004-06-14,F
Claudell,Gepp,2005-08-08,M
Veradis,Lillyman,2001-04-17,F
Odelle,Greenough,2002-01-09,F
Norean,Bunclark,2005-02-05,F
Jacklyn,Shilston,2003-09-15,F
Marshal,Sacco,2005-04-10,M
Elijah,Emanuel,2003-09-29,M
Alford,Haskett,2003-05-26,M
Olva,Hayer,2003-04-05,F
Cristin,Do Rosario,2001-12-31,F
Culver,Tough,2003-08-27,M
Aliza,Iban,2001-05-11,F
Val,Demoge,2005-06-18,F
Rudolph,Goodge,2003-10-02,M
Frederica,Roughsedge,2000-04-01,F
Claire,Polkinghorne,2002-10-22,M
Bucky,Mabbs,2000-10-05,M
Brooks,Pensom,2002-11-03,M
Adair,Kubera,2003-06-10,M
Clarke,Berrecloth,2005-07-07,M
Brendon,MacAndie,2003-08-05,M
Ganny,Askew,2001-09-06,M
Eugene,Munks,2004-05-25,M
Keene,Roblett,2004-01-14,M
Edgar,Giacovelli,2002-10-18,M
Auberon,Drewson,2005-05-08,M
Marguerite,Swynfen,2001-06-27,F
Jourdain,Pennycock,2001-11-29,M
Tallou,Denecamp,2001-06-28,F
Jazmin,Morcombe,2003-01-17,F
Delinda,Coche,2004-08-01,F
Boniface,Eakley,2003-05-30,M
Sammie,McOwen,2000-07-29,M
Harold,Dyke,2005-06-14,M
Teodorico,McBrier,2003-09-16,M
Bronson,Menel,2004-08-24,M
Jackie,Lyfe,2005-05-26,F
Gar,Blaw,2000-12-05,M
Elke,Blum,2003-02-17,F
Maddalena,Meo,2004-05-27,F
Farly,Bulley,2000-09-06,M
Way,Order,2002-07-04,M
Penni,Basnett,2002-08-14,F
Blinni,Willicott,2005-05-13,F
Jennette,Louisot,2001-01-11,F
Terry,Leed,2005-04-05,F
Modesty,Rosindill,2002-04-16,F
Free,Moughton,2002-05-03,M
Carly,Gerbi,2003-11-06,F
Elbertine,Gutsell,2005-10-24,F
Conny,Laing,2001-01-05,M
Adlai,Duerden,2003-08-10,M
Barbee,Benitez,2001-10-30,F
Rochella,Seefeldt,2003-10-19,F
Emmalee,Tortis,2001-08-29,F
Bart,Jacketts,2000-01-01,M
Louisette,Courtes,2005-12-02,F
Brooke,Snarr,2002-08-11,F
Rorie,Chiplen,2003-10-20,F
Gregorio,Hakey,2001-04-12,M
Daniel,Jubb,2000-06-01,M
Beverlee,Alexandrescu,2000-07-27,F
Arel,Purle,2002-09-19,M
Chico,Gerald,2004-05-19,M
Leda,Mattson,2000-11-11,F
Melody,Snoad,2005-05-10,F
Glori,Doodney,2003-04-08,F
Tony,Rauprich,2005-10-18,F
Cliff,Toombes,2004-04-05,M
Matthieu,Reyne,2003-05-20,M
Weider,Salzburg,2003-06-30,M
Melonie,Newgrosh,2005-04-04,F
Brynne,Axell,2001-07-10,F
Feliks,Siddle,2000-03-13,M
Merrill,Ehlerding,2004-07-23,F
Maryann,Begley,2000-06-15,F
Pincus,Champion,2000-10-25,M
Mycah,Pollok,2001-01-14,M
Mathe,Lemoir,2000-07-17,M
Collen,Danilishin,2001-07-09,F
Pauly,Gaddie,2001-04-16,M
Tracey,Roscam,2003-06-17,F
Aveline,Testro,2001-11-04,F
Granger,Richardeau,2001-04-11,M
Pippo,Orry,2004-09-04,M
Franny,Beyne,2001-07-09,M
Bail,Choppin,2004-03-26,M
Waneta,Messom,2002-09-28,F
Mahala,Chapiro,2000-10-18,F
Ivar,McGready,2002-02-21,M
Donica,Waple,2001-12-22,F
Tiffy,Southey,2004-03-11,F
Howie,Scoyles,2000-07-05,M
Magdalene,Preddy,2003-07-24,F
Oswald,Skittrall,2003-11-29,M
Nappie,Nockles,2002-04-04,M
Henrik,Aucock,2001-01-12,M
Hew,Salery,2005-03-29,M
Katti,Bilton,2002-03-06,F
Willow,Elsop,2005-08-04,F
Lonni,Comsty,2001-04-23,F
Enrichetta,Reburn,2002-09-16,F
Jarrid,Burdess,2005-12-26,M
Alikee,Vallentin,2002-06-25,F
Jessica,Lambarth,2000-02-27,F
Kathye,Smissen,2004-09-22,F
Lombard,Redan,2002-10-22,M
Sunny,Langdon,2001-08-11,M
Benedetta,Elms,2004-12-10,F
Garrot,Mum,2004-03-24,M
Miltie,Coverly,2003-08-01,M
Lacey,Colquhoun,2004-03-13,F
Wrennie,De Benedictis,2004-12-01,F
Trixie,Skerrett,2002-09-19,F
Pavel,Michie,2005-12-15,M
